,Feature,Importance Score
2,Crossing.Points,0.1290167865707434
3,Entropy,0.10299760191846523
0,Median.Force,0.08069544364508394
4,First.Min.Autocorr,0.0629496402877698
1,Trend.Strength,0.05791366906474822
